Matsoft,Joan,Bell,Associate Professor,Trilia,Transportation
Bitchip,Diana,Wagner,Speech Pathologist,Realblab,Real estate
It,Roy,Perry,Environmental Specialist,Quamba,Construction
Cardguard,Dennis,Lawson,Teacher,Realcube,Agriculture
Regrant,Tammy,Ryan,Senior Developer,Dabvine,Real estate
Namfix,Aaron,Murray,Recruiter,Ntag,Construction
Voyatouch,Stephanie,Day,Food Chemist,Devpoint,Agriculture
Overhold,Daniel,Payne,Media Manager IV,Topdrive,Construction
Bitchip,Debra,Brown,Marketing Manager,Dabfeed,Mining
Toughjoyfax,Karen,Long,Statistician IV,Zoonoodle,Transportation
Tresom,James,Bailey,Accountant II,Babblestorm,Agriculture
Biodex,Tina,Lee,Research Nurse,Dabfeed,Real estate
Fintone,Catherine,Henderson,Director of Sales,Brainlounge,Agriculture
Namfix,Timothy,Hunter,Biostatistician II,Voonder,Mining
Toughjoyfax,Joan,Bowman,Financial Analyst,Zoomdog,Manufacturing
Span,Jennifer,Henderson,Community Outreach Specialist,Eimbee,Mining
Redhold,Robin,Alvarez,Biostatistician II,Kwilith,Transportation
Rank,Ashley,Andrews,Associate Professor,Voomm,Education
Flowdesk,Brian,Franklin,Cost Accountant,Yombu,Manufacturing
Cardify,Benjamin,Simmons,Compensation Analyst,Jabberbean,Construction
Fixflex,George,Hughes,Safety Technician II,Kare,Real estate
Overhold,Carlos,Wells,VP Marketing,Demimbu,Transportation
Ventosanzap,Ann,Stanley,Sales Representative,Photospace,Manufacturing
Stringtough,Alice,Turner,Graphic Designer,Vimbo,Mining
Bamity,Jessica,Hughes,Computer Systems Analyst III,Cogilith,Real estate
Latlux,Benjamin,Lane,Physical Therapy Assistant,Tagchat,Real estate
Wrapsafe,Anna,Reynolds,Librarian,Wikido,Real estate
Y-Solowarm,Anne,Butler,Systems Administrator I,Thoughtstorm,Mining
Voyatouch,Craig,Day,Assistant Professor,Topicware,Construction
Transcof,Thomas,Moreno,Software Test Engineer I,Gevee,Manufacturing
Regrant,Jose,Price,General Manager,Yakidoo,Transportation
Opela,Jason,Walker,Account Coordinator,Cogidoo,Real estate
Home Ing,Evelyn,Price,VP Accounting,Camimbo,Education
Span,Craig,Murphy,Civil Engineer,Trupe,Construction
Domainer,Kathleen,Adams,Professor,Skyvu,Agriculture
Trippledex,Nicole,Knight,Human Resources Assistant III,Wordpedia,Transportation
Ronstring,Albert,Black,General Manager,Photolist,Real estate
Latlux,Craig,Morris,Research Associate,Jamia,Manufacturing
Stringtough,Marilyn,Riley,Marketing Manager,Skilith,Agriculture
Namfix,Kelly,Arnold,Assistant Manager,Myworks,Real estate
Fintone,Diane,Hunt,Human Resources Manager,Photobug,Education
Konklab,Kevin,Fisher,Web Developer IV,Zoozzy,Manufacturing
Mat Lam Tam,Janet,Day,Operator,Buzzdog,Agriculture
Kanlam,Jane,Reid,Health Coach III,Meedoo,Agriculture
Regrant,Peter,Hudson,Accountant II,Yabox,Real estate
Kanlam,Louise,Ramos,Librarian,Bubblemix,Construction
Cardguard,Samuel,White,Technical Writer,Jetpulse,Agriculture
Ventosanzap,Bruce,Ortiz,Research Assistant IV,Zoombox,Mining
Subin,Joan,Willis,Physical Therapy Assistant,Flipbug,Construction
Matsoft,Bobby,Henry,GIS Technical Architect,Oyope,Real estate
Transcof,Victor,Davis,Assistant Professor,Oyoyo,Real estate
Y-Solowarm,Larry,Parker,Speech Pathologist,Dablist,Education
Alphazap,Benjamin,Lawrence,Systems Administrator II,Thoughtmix,Education
Ventosanzap,Stephen,Berry,Operator,Livetube,Manufacturing
Trippledex,Justin,Harvey,Speech Pathologist,Skinder,Transportation
Overhold,Ruth,Garza,Professor,Yakijo,Manufacturing
Solarbreeze,Julie,Mendoza,Programmer I,Nlounge,Agriculture
Kanlam,Ralph,Stewart,Structural Engineer,Cogibox,Construction
Transcof,Paul,Garza,Structural Engineer,Eidel,Education
Tempsoft,Dennis,Harris,General Manager,Skimia,Education
Duobam,Bonnie,Weaver,Marketing Assistant,Edgetag,Agriculture
Sonsing,Phyllis,Dean,Recruiter,Gabvine,Manufacturing
Tres-Zap,Kelly,Gonzalez,Internal Auditor,Oyondu,Education
Tresom,Russell,Wheeler,Staff Accountant III,Thoughtmix,Education
Transcof,Margaret,Woods,Dental Hygienist,Feedfire,Construction
Alphazap,Amanda,Brooks,Mechanical Systems Engineer,Flipopia,Agriculture
Konklux,Carol,Morrison,Librarian,Trudoo,Manufacturing
Andalax,Fred,Ryan,Associate Professor,Fivechat,Mining
Voyatouch,George,Ryan,Business Systems Development Analyst,DabZ,Education
Otcom,Susan,Smith,Marketing Assistant,Brightbean,Transportation
Ventosanzap,Samuel,Richards,Marketing Assistant,Realbridge,Education
Treeflex,Antonio,Hawkins,Cost Accountant,Jamia,Agriculture
Viva,Catherine,Wells,Cost Accountant,Topicblab,Education
Holdlamis,Christine,Ramos,Food Chemist,Voonyx,Real estate
Quo Lux,Frances,Wright,Staff Scientist,Roodel,Mining
Domainer,Matthew,Kennedy,Recruiting Manager,Quimba,Transportation
Vagram,Walter,Carter,VP Product Management,Ntags,Education
Bigtax,Wayne,Hamilton,Human Resources Assistant I,Eare,Construction
Voyatouch,Mildred,Gonzalez,Mechanical Systems Engineer,Roomm,Mining
Daltfresh,Jack,Moreno,Dental Hygienist,Thoughtblab,Construction
Kanlam,Robert,Mcdonald,Physical Therapy Assistant,Zoomzone,Mining
Sub-Ex,Ruby,Simmons,Senior Quality Engineer,Brightdog,Construction
Temp,Ruth,Powell,Human Resources Assistant I,Topicware,Manufacturing
Stronghold,Helen,Clark,Account Coordinator,Buzzdog,Education
Bitchip,Lillian,Simmons,Social Worker,Linklinks,Mining
Opela,Antonio,Cole,Associate Professor,Meetz,Transportation
Veribet,George,Andrews,Data Coordiator,Kwideo,Real estate
Holdlamis,Pamela,Berry,Systems Administrator II,Skiptube,Education
Cardify,Janice,Simmons,Social Worker,Quaxo,Manufacturing
Asoka,Larry,Davis,Nurse Practicioner,Livetube,Agriculture
Tin,Alice,Carpenter,Help Desk Technician,Eimbee,Education
Sub-Ex,Carol,Simpson,Statistician III,Chatterpoint,Construction
Alphazap,Joyce,Allen,Environmental Specialist,Photospace,Construction
Bigtax,Samuel,Sanders,Statistician IV,Topiclounge,Transportation
Rank,Melissa,Reid,Data Coordiator,Flashdog,Real estate
Fintone,Paul,Miller,Nurse Practicioner,Dynabox,Education
Gembucket,Roy,Grant,Assistant Professor,Pixope,Construction
Solarbreeze,Virginia,Campbell,Assistant Manager,Voomm,Construction
Opela,David,Mendoza,GIS Technical Architect,Mymm,Real estate
Zoolab,Alice,Oliver,Web Designer III,Mydeo,Mining
Zathin,Anthony,Garrett,Statistician II,Photojam,Education
Otcom,Jacqueline,Chapman,Statistician II,Twimbo,Construction
Y-find,Juan,Lopez,Account Executive,Zooxo,Manufacturing
Aerified,Jean,Stephens,Account Coordinator,Katz,Mining
Zamit,Terry,Washington,Assistant Professor,Devify,Mining
Domainer,Deborah,Wood,Statistician I,Twitterlist,Agriculture
Latlux,Marilyn,Fernandez,Assistant Manager,Bubblemix,Education
Rank,Andrea,Webb,Administrative Assistant IV,Yoveo,Mining
Sonsing,Brenda,Hunter,Software Engineer I,Divanoodle,Manufacturing
Sonair,Kathryn,Wallace,Research Assistant III,Meezzy,Transportation
Trippledex,Benjamin,Harris,Marketing Assistant,Voolia,Real estate
Zamit,Jack,Barnes,Developer III,Skibox,Mining
Ronstring,Beverly,Thomas,Programmer IV,Skimia,Mining
Bitwolf,Rachel,Woods,Technical Writer,Yakitri,Agriculture
Alphazap,Fred,Pierce,Analog Circuit Design manager,Blogpad,Construction
Fix San,Thomas,Andrews,Internal Auditor,Babblestorm,Construction
Veribet,Lillian,Richards,Programmer Analyst IV,Vinder,Education
Transcof,Maria,Smith,Associate Professor,Shuffledrive,Manufacturing
Lotlux,Craig,Morris,Actuary,Jabbersphere,Mining
Mat Lam Tam,Timothy,Johnson,Registered Nurse,Feednation,Construction
Bamity,Paul,Matthews,Financial Analyst,Zoonoodle,Agriculture
Lotstring,Paula,Ellis,Budget/Accounting Analyst I,Avavee,Agriculture
Toughjoyfax,Kevin,George,Quality Engineer,Kanoodle,Agriculture
Transcof,Joan,Johnston,Recruiting Manager,Flashspan,Transportation
Greenlam,Sharon,Jacobs,VP Product Management,Feedfire,Manufacturing
Bamity,Anna,Baker,Sales Representative,LiveZ,Real estate
Treeflex,Sharon,Freeman,Analyst Programmer,Yambee,Education
Opela,Larry,Parker,Research Assistant II,Tazz,Agriculture
Duobam,Bobby,Kelly,Nurse,Topicware,Manufacturing
Job,Margaret,Larson,Food Chemist,Quaxo,Agriculture
Bitwolf,Joyce,Bishop,Geologist III,Thoughtsphere,Real estate
Gembucket,Ruth,Snyder,Computer Systems Analyst I,Trunyx,Manufacturing
Alpha,Christine,King,Mechanical Systems Engineer,Brainsphere,Education
Cardify,Janet,Weaver,Administrative Assistant III,Abatz,Transportation
Voltsillam,Marie,Perez,Nuclear Power Engineer,Roomm,Education
Holdlamis,Angela,Chavez,Payment Adjustment Coordinator,Skidoo,Transportation
Aerified,Russell,Kim,Analog Circuit Design manager,Voolith,Real estate
Tampflex,Kathryn,Murphy,Senior Developer,Vidoo,Transportation
Zamit,Louis,Nichols,Quality Control Specialist,Jetpulse,Education
Holdlamis,Nancy,Richardson,Nurse Practicioner,Pixoboo,Mining
Toughjoyfax,Roger,Hayes,Civil Engineer,Bluejam,Transportation
Opela,Teresa,Bell,Clinical Specialist,Gigabox,Mining
Tresom,Ronald,Pierce,Assistant Media Planner,Rhyloo,Education
Ventosanzap,Heather,Russell,Sales Associate,Quaxo,Education
Voltsillam,Gary,Stewart,Analog Circuit Design manager,Photolist,Agriculture
Quo Lux,Judith,Kennedy,Sales Associate,Rooxo,Transportation
Konklab,Bruce,Sullivan,Marketing Manager,Jabberstorm,Real estate
Bitwolf,Lori,Washington,Mechanical Systems Engineer,Thoughtstorm,Real estate
Konklux,Virginia,Ford,Account Coordinator,Podcat,Mining
Hatity,Jessica,Mills,Information Systems Manager,BlogXS,Manufacturing
Duobam,Judy,Williams,Help Desk Operator,Chatterbridge,Education
Ventosanzap,Louise,Bishop,VP Product Management,Riffwire,Real estate
Home Ing,Phillip,Nelson,Marketing Manager,Layo,Transportation
Regrant,Julia,Little,Chief Design Engineer,Meevee,Real estate
Fix San,Kelly,Mendoza,Media Manager II,Janyx,Construction
Subin,Terry,Kennedy,Mechanical Systems Engineer,Oozz,Real estate
Bytecard,Walter,Simpson,Assistant Professor,Skyvu,Construction
Overhold,Kathleen,Gardner,Data Coordiator,Rhynoodle,Transportation
Andalax,Diane,Simpson,General Manager,Kazu,Mining
Otcom,Julie,Wood,Senior Cost Accountant,BlogXS,Manufacturing
Pannier,Lillian,Wells,Web Developer IV,Brightbean,Construction
Konklab,Andrea,Roberts,Assistant Media Planner,Leexo,Manufacturing
Tres-Zap,Robin,Wagner,Structural Analysis Engineer,Abata,Mining
Lotlux,Virginia,Stanley,Sales Representative,Meedoo,Mining
Mat Lam Tam,Jessica,Stone,Associate Professor,Zoovu,Education
Y-Solowarm,Joyce,Jones,Database Administrator IV,Kaymbo,Transportation
Fix San,Shirley,Rivera,Librarian,Gigazoom,Real estate
Temp,Anne,Rivera,VP Marketing,Kwinu,Real estate
Sub-Ex,Gregory,Lewis,Software Engineer II,Linkbuzz,Mining
Asoka,Jose,Russell,Paralegal,Quatz,Manufacturing
Bigtax,Patrick,Wallace,Geologist IV,Minyx,Transportation
Matsoft,Billy,Henry,Programmer II,Meedoo,Construction
Konklux,Jose,Stone,Civil Engineer,Skinix,Agriculture
Otcom,Fred,Peters,Account Coordinator,Flipbug,Real estate
Transcof,Jonathan,Ray,Paralegal,Yotz,Education
Bitchip,Melissa,Cole,VP Quality Control,Aimbo,Construction
Stringtough,Annie,Phillips,Web Developer I,Gabspot,Construction
Bitchip,Betty,Hernandez,Mechanical Systems Engineer,Oyonder,Real estate
Job,Janice,Rodriguez,Junior Executive,Feedbug,Construction
Biodex,Earl,Hansen,Environmental Specialist,Trilith,Agriculture
Biodex,Brandon,Fuller,Speech Pathologist,Roodel,Transportation
Otcom,Dorothy,Cunningham,Speech Pathologist,Rhybox,Construction
Latlux,Melissa,West,Recruiting Manager,Mynte,Manufacturing
Andalax,Raymond,Graham,Pharmacist,Zoomdog,Construction
Opela,Ernest,Harris,Teacher,Aibox,Mining
It,Ronald,Gilbert,Office Assistant III,Brainbox,Transportation
Subin,Sarah,Lane,Environmental Tech,Eire,Agriculture
Overhold,Samuel,Hall,Media Manager IV,Topicshots,Transportation
Sonair,Daniel,Alvarez,Legal Assistant,Quinu,Transportation
Fix San,Justin,Freeman,Senior Financial Analyst,Mynte,Transportation
Flexidy,Donald,Jacobs,Civil Engineer,Oyoloo,Transportation
Bitchip,Earl,Ward,Recruiting Manager,Yabox,Real estate
Job,Charles,Gilbert,Data Coordiator,InnoZ,Manufacturing
Viva,Martin,Rice,Occupational Therapist,Topdrive,Mining
Flexidy,Judy,Morrison,Systems Administrator II,Buzzster,Manufacturing
Quo Lux,Tina,Burns,Geologist I,Zoomcast,Manufacturing
Kanlam,Harry,Scott,Nurse,Topicware,Real estate
Tres-Zap,Nicole,Lynch,Speech Pathologist,Jazzy,Real estate
Konklab,Benjamin,Greene,Operator,Agivu,Agriculture
Pannier,Christine,Simmons,Web Developer IV,Aibox,Agriculture
Tresom,Antonio,Fernandez,Staff Accountant III,Gigazoom,Transportation
Latlux,Phillip,Greene,Biostatistician II,Flashspan,Mining
Tres-Zap,Gregory,Shaw,Desktop Support Technician,Latz,Construction
Latlux,Steve,Martinez,Safety Technician II,Blogspan,Real estate
Wrapsafe,Jesse,Gilbert,Desktop Support Technician,Skiptube,Mining
Fintone,Barbara,Rice,Automation Specialist I,Vidoo,Education
Konklab,Nicholas,Arnold,Cost Accountant,Yata,Transportation
Greenlam,Julie,Marshall,Desktop Support Technician,Zooxo,Education
Y-find,Victor,Bishop,Graphic Designer,Mita,Mining
Daltfresh,Jonathan,Lewis,Help Desk Operator,Avamm,Agriculture
Solarbreeze,Christopher,Fuller,Marketing Assistant,Bubbletube,Transportation
Transcof,Craig,Morgan,Web Developer I,Aimbu,Construction
Bigtax,Tammy,Franklin,Sales Associate,Roomm,Agriculture
Voyatouch,Willie,Dixon,Help Desk Operator,Vipe,Agriculture
Prodder,Kimberly,Cruz,Food Chemist,Blogtags,Agriculture
Fintone,Julia,Pierce,Occupational Therapist,Kwinu,Manufacturing
Temp,Phillip,Russell,Automation Specialist II,Zooxo,Agriculture
Fintone,Kevin,Reyes,Legal Assistant,Twitterlist,Transportation
Lotlux,Virginia,Gilbert,Analyst Programmer,Zooveo,Manufacturing
Alpha,Laura,Fox,Programmer I,Bluejam,Education
Wrapsafe,Jennifer,Owens,Programmer Analyst I,Yombu,Mining
Fintone,Philip,Robinson,Senior Editor,Skyble,Real estate
Cardify,Anthony,Wright,Assistant Professor,Yakitri,Construction
Stronghold,Charles,Pierce,VP Accounting,Tagopia,Mining
Greenlam,Earl,Payne,Account Coordinator,Skivee,Education
Tampflex,Bruce,Bradley,GIS Technical Architect,Yambee,Manufacturing
Bytecard,Roy,Henderson,Software Engineer II,Linklinks,Construction
Overhold,Jean,Alexander,Software Consultant,Katz,Education
Zoolab,Heather,Wheeler,Assistant Manager,Skyble,Construction
Ronstring,Louis,Holmes,Recruiting Manager,Snaptags,Mining
Rank,Lori,Powell,Editor,Jabberbean,Transportation
Zaam-Dox,Angela,Mitchell,Computer Systems Analyst I,Feedfire,Agriculture
Gembucket,Mark,Turner,Administrative Officer,Tagfeed,Manufacturing
Fix San,Bonnie,Clark,Assistant Media Planner,Gigaclub,Agriculture
Home Ing,Dennis,Andrews,VP Accounting,Bubblebox,Transportation
Stim,Douglas,Richardson,Sales Associate,Skajo,Education
Fixflex,Wanda,Meyer,Director of Sales,Tazzy,Transportation
Zontrax,Shirley,Ruiz,Structural Analysis Engineer,Ozu,Real estate
Tres-Zap,Roy,Carroll,Librarian,Vitz,Mining
Sonair,Jeremy,Mills,Media Manager II,Meeveo,Mining
Stronghold,Michael,Cruz,Sales Representative,Edgetag,Mining
Ventosanzap,Evelyn,Murphy,Associate Professor,Voonder,Agriculture
Rank,Kathryn,Baker,Computer Systems Analyst III,Buzzbean,Agriculture
Fintone,Ruby,Peters,Analog Circuit Design manager,Gabspot,Mining
Stronghold,Philip,Myers,Speech Pathologist,Browsetype,Transportation
Namfix,Cheryl,Flores,Clinical Specialist,Zoonder,Mining
Duobam,Peter,Hunter,Structural Analysis Engineer,Oozz,Manufacturing
Otcom,Bonnie,Thompson,Quality Engineer,Quimba,Real estate
Bitwolf,Rose,Price,Teacher,Thoughtblab,Real estate
Asoka,Mary,Butler,Sales Associate,Photobug,Education
Bytecard,Lawrence,Pierce,Senior Sales Associate,Zoomdog,Manufacturing
Mat Lam Tam,Kimberly,Scott,Accountant III,Zoombox,Manufacturing
Y-find,Billy,Carpenter,Food Chemist,Skiptube,Education
Namfix,Evelyn,Clark,Data Coordiator,Oyoloo,Construction
Stim,Dennis,Hamilton,Structural Analysis Engineer,Meetz,Transportation
Stronghold,Julie,Frazier,Web Developer I,Yotz,Agriculture
Greenlam,Irene,Mills,Staff Scientist,Kimia,Real estate
Bitchip,Frank,Stewart,Nurse,LiveZ,Agriculture
It,Raymond,Brooks,Cost Accountant,Kare,Mining
Bitwolf,Arthur,Robertson,Senior Financial Analyst,Bubbletube,Construction
Quo Lux,Betty,Lawrence,Staff Accountant III,Aivee,Education
Tin,Ruby,Kennedy,Senior Editor,Digitube,Construction
Span,Brandon,Reed,Database Administrator IV,Skinte,Education
Flexidy,Andrea,Stone,Analyst Programmer,Mita,Mining
Pannier,Shawn,Hughes,Mechanical Systems Engineer,Agimba,Mining
Fintone,David,Richardson,Information Systems Manager,Yata,Construction
Pannier,Denise,James,Legal Assistant,Dabtype,Agriculture
Cookley,Carlos,Bennett,General Manager,Skyvu,Manufacturing
Daltfresh,Eric,Ferguson,Media Manager IV,Feedmix,Mining
Otcom,Kenneth,Roberts,Financial Advisor,Yozio,Education
Regrant,Tammy,Ross,Media Manager I,Kwinu,Agriculture
Fintone,Carol,Palmer,Staff Accountant I,Skilith,Construction
Quo Lux,James,Evans,VP Accounting,Oyonder,Mining
Bytecard,Joan,Jones,Budget/Accounting Analyst IV,Quatz,Construction
Lotlux,Julie,Miller,Chief Design Engineer,Thoughtstorm,Mining
Ventosanzap,Antonio,Dixon,Product Engineer,Shuffledrive,Manufacturing
Matsoft,Aaron,Hudson,Senior Developer,Kimia,Construction
Stim,Mary,Snyder,Account Representative II,Devcast,Agriculture
Bitchip,Tina,Ortiz,VP Sales,Dabtype,Education
Job,Karen,Wheeler,Accountant IV,Divanoodle,Agriculture
Namfix,Tammy,Griffin,Human Resources Assistant III,Devpulse,Education
Flexidy,Phyllis,Hayes,Electrical Engineer,Oyondu,Construction
Rank,Lillian,Lynch,Software Test Engineer IV,Brightbean,Agriculture
Konklux,Todd,Morris,General Manager,Avamba,Mining
Viva,Cynthia,Harvey,Data Coordiator,Eare,Education
Sonsing,Joshua,Woods,Recruiter,Meembee,Agriculture
It,William,Miller,Physical Therapy Assistant,Fivespan,Real estate
Job,Marie,Gardner,Web Designer I,Divanoodle,Agriculture
Redhold,Cheryl,Mills,Clinical Specialist,Eabox,Transportation
Aerified,Stephen,Carroll,Human Resources Assistant III,Devcast,Real estate
Overhold,Philip,Schmidt,Actuary,Devpoint,Agriculture
Sonsing,Kathryn,Morales,Senior Quality Engineer,Rooxo,Real estate
Prodder,Jack,Burns,Paralegal,Ntags,Agriculture
Otcom,Brian,Lynch,Executive Secretary,Meejo,Real estate
Regrant,Joyce,Cunningham,Project Manager,Skipfire,Education
Cardguard,Ryan,Arnold,Financial Analyst,Flashset,Agriculture
Konklux,Douglas,Gordon,Health Coach IV,Shuffletag,Agriculture
Viva,Maria,Thompson,VP Sales,Jayo,Manufacturing
Cookley,Ronald,Howard,Cost Accountant,Tavu,Mining
Kanlam,Benjamin,Russell,Compensation Analyst,Voolia,Transportation
Namfix,Alan,Mitchell,Electrical Engineer,Oyope,Manufacturing
Solarbreeze,Louise,Frazier,Project Manager,Viva,Real estate
Konklab,Cynthia,Fields,Systems Administrator IV,Blogtag,Education
Zontrax,Brandon,Myers,Administrative Officer,Jabbercube,Manufacturing
Voyatouch,Brandon,Foster,Actuary,DabZ,Construction
Zathin,Susan,Medina,Senior Developer,Divanoodle,Manufacturing
Stim,Christine,Gonzalez,Human Resources Manager,Skibox,Construction
Konklab,Kathy,Morgan,Software Consultant,Trilith,Education
Tres-Zap,Shirley,Fernandez,Staff Scientist,Kwinu,Construction
Stim,Dorothy,Alvarez,Database Administrator II,Lazz,Construction
Aerified,Christina,Taylor,Accounting Assistant III,Vidoo,Real estate
Cookley,Dennis,Murray,Senior Sales Associate,Vipe,Construction
Overhold,Benjamin,Morrison,Office Assistant IV,Mycat,Agriculture
Flexidy,Angela,Lopez,Financial Advisor,Buzzshare,Construction
Cardguard,Christine,Gutierrez,VP Product Management,Skajo,Mining
Andalax,Sharon,Hernandez,Executive Secretary,Gigabox,Manufacturing
Tres-Zap,Lori,Hunt,VP Quality Control,Meezzy,Real estate
Andalax,Charles,Ortiz,Nurse Practicioner,Avaveo,Agriculture
Ronstring,Harry,Fowler,Automation Specialist III,Feedmix,Manufacturing
Asoka,Jane,Rice,Analyst Programmer,Ooba,Transportation
Stringtough,Kimberly,Chavez,Senior Quality Engineer,Chatterbridge,Education
Holdlamis,Jean,Hill,Automation Specialist IV,Feedfish,Construction
Viva,Rebecca,Hawkins,Financial Advisor,Flashpoint,Transportation
Holdlamis,Charles,Frazier,Project Manager,Linkbridge,Mining
Lotstring,Julia,Evans,Financial Analyst,Realcube,Education
It,Paul,Johnson,Community Outreach Specialist,Topicshots,Real estate
Sonair,Matthew,Flores,Pharmacist,Wikibox,Transportation
Viva,Irene,Little,Teacher,Zava,Mining
Opela,Louise,Dixon,Assistant Professor,Innojam,Mining
Veribet,Evelyn,Kelley,Safety Technician III,Skibox,Education
Wrapsafe,Raymond,Roberts,Account Executive,Skipfire,Real estate
Tempsoft,Julie,Grant,Financial Analyst,Meevee,Agriculture
Ventosanzap,Peter,Owens,General Manager,Twitterwire,Construction
Toughjoyfax,Ann,Warren,Marketing Manager,Dabjam,Real estate
Overhold,Robert,Bishop,Accounting Assistant I,Brightbean,Manufacturing
Zontrax,Daniel,Sullivan,Social Worker,Plambee,Manufacturing
Fintone,Johnny,Nguyen,Account Executive,Skajo,Construction
Pannier,Ruth,Walker,Staff Accountant III,Bluezoom,Real estate
Sonsing,Christopher,Coleman,Quality Engineer,Gigaclub,Education
Y-find,Daniel,Lane,Graphic Designer,Linkbuzz,Transportation
It,Susan,Peterson,Marketing Manager,Zoonoodle,Manufacturing
Wrapsafe,Donna,Gray,Accounting Assistant II,Feedmix,Manufacturing
Fintone,Sandra,Gordon,VP Marketing,Realmix,Agriculture
Kanlam,Beverly,Fisher,Senior Quality Engineer,Mudo,Construction
Hatity,Jack,Murphy,Data Coordiator,Kwideo,Agriculture
Voltsillam,Alice,Fowler,VP Accounting,Brainsphere,Mining
Mat Lam Tam,Joan,Duncan,Biostatistician IV,Janyx,Manufacturing
Matsoft,Ralph,Lopez,Legal Assistant,Yoveo,Construction
Bytecard,Donald,Edwards,Food Chemist,Dabfeed,Real estate
Hatity,Jeremy,Campbell,Senior Developer,Zoombox,Real estate
Bigtax,Russell,Olson,Tax Accountant,Tazzy,Mining
Cookley,Irene,Hudson,Office Assistant III,Wordify,Agriculture
Home Ing,Christopher,Williamson,Payment Adjustment Coordinator,Skilith,Mining
Prodder,Susan,Hall,Software Test Engineer I,Trunyx,Construction
Lotstring,Betty,Jacobs,Professor,Teklist,Real estate
Kanlam,Nancy,Jenkins,Recruiting Manager,Trilia,Construction
Viva,Carolyn,Ray,Cost Accountant,Edgepulse,Transportation
Regrant,Randy,Porter,Budget/Accounting Analyst III,Blogtags,Mining
Mat Lam Tam,Samuel,Hayes,Administrative Assistant III,Viva,Mining
Greenlam,Norma,Garcia,Statistician II,Avaveo,Agriculture
Trippledex,Henry,Lawson,Office Assistant III,Yabox,Agriculture
Regrant,Sean,Wallace,Marketing Manager,Oyoloo,Construction
Zaam-Dox,Kathryn,Bryant,Research Assistant III,Brainlounge,Education
Span,Karen,Stevens,Nurse,Edgetag,Real estate
Bytecard,Martin,Reed,Engineer IV,Muxo,Mining
Bigtax,Barbara,Banks,Internal Auditor,Shufflester,Education
Bamity,Albert,Harrison,Developer I,Tanoodle,Construction
Asoka,Steven,Rogers,Staff Scientist,Shuffledrive,Mining
Toughjoyfax,Michelle,Brooks,Desktop Support Technician,Dazzlesphere,Transportation
Rank,Albert,Howard,Senior Financial Analyst,Photojam,Agriculture
Otcom,Jack,Nguyen,VP Product Management,Kwideo,Real estate
Keylex,Anthony,Olson,Paralegal,Innotype,Construction
Overhold,Julie,Mccoy,Operator,Eayo,Real estate
Pannier,Gerald,Brown,Assistant Manager,Innojam,Mining
Transcof,Pamela,Lynch,Financial Analyst,Skipfire,Manufacturing
Lotstring,Marilyn,Lawrence,Computer Systems Analyst I,Dynabox,Real estate
Hatity,Jeremy,Howell,Compensation Analyst,Jayo,Agriculture
Domainer,Mildred,Kim,Budget/Accounting Analyst II,Topicware,Agriculture
Redhold,Stephanie,Foster,Web Developer III,Fivespan,Transportation
Fix San,Kenneth,Nguyen,Tax Accountant,Miboo,Manufacturing
Sonair,Michael,Carroll,GIS Technical Architect,Janyx,Agriculture
Fix San,Brenda,Butler,Safety Technician I,Photobean,Construction
Fintone,Richard,Little,Engineer III,Fanoodle,Manufacturing
Y-Solowarm,Aaron,Howard,Physical Therapy Assistant,JumpXS,Transportation
Wrapsafe,Joyce,Taylor,Programmer Analyst I,Skiptube,Education
Sonair,Ralph,Dean,Administrative Assistant III,Oyope,Agriculture
Sonair,Julia,Reid,Civil Engineer,Edgewire,Construction
Y-Solowarm,Steven,Morales,VP Accounting,Yakitri,Agriculture
Trippledex,Phyllis,Mendoza,Structural Analysis Engineer,Thoughtmix,Real estate
Quo Lux,Gary,Richardson,Account Representative III,Tagtune,Transportation
Stronghold,Jean,Davis,Software Engineer III,Meejo,Construction
Regrant,Jesse,James,Business Systems Development Analyst,Kwilith,Agriculture
Duobam,Samuel,Daniels,Accountant III,Tagchat,Education
Bitwolf,Willie,West,Electrical Engineer,Browsetype,Agriculture
Rank,Steven,Bradley,Assistant Professor,Zoombox,Manufacturing
Lotstring,Judy,Burns,Marketing Assistant,Blogspan,Real estate
Hatity,Jose,Rivera,Accounting Assistant III,Ailane,Agriculture
Duobam,Theresa,Hart,Automation Specialist I,Dazzlesphere,Transportation
Keylex,Marilyn,Gonzalez,Physical Therapy Assistant,Photofeed,Education
Pannier,Juan,Lewis,Developer I,Dynava,Agriculture
Tampflex,Pamela,Cooper,Software Test Engineer I,Shuffledrive,Agriculture
Redhold,Douglas,Washington,Chemical Engineer,Trunyx,Manufacturing
Opela,Janet,Burns,Geological Engineer,Kwilith,Mining
Span,Johnny,Garrett,Social Worker,Gabspot,Real estate
Fixflex,Kathy,Washington,Software Test Engineer II,Photofeed,Construction
Holdlamis,Christopher,Cook,Environmental Tech,Dynabox,Real estate
Zaam-Dox,Todd,Mitchell,Paralegal,Voonix,Transportation
Alpha,Brian,Brown,Marketing Assistant,Mybuzz,Construction
Ventosanzap,Laura,Castillo,Assistant Professor,Fivespan,Transportation
Zoolab,Peter,Hawkins,Professor,Voomm,Construction
Subin,Maria,Bryant,GIS Technical Architect,DabZ,Education
Bitchip,Ashley,Washington,Librarian,Skajo,Transportation
Lotstring,Diana,Wilson,Research Assistant II,Vinte,Manufacturing
Daltfresh,Amy,Payne,Physical Therapy Assistant,Vidoo,Real estate
Bitchip,Chris,Gray,Research Associate,Tazz,Mining
Viva,Sarah,Gonzalez,Paralegal,Skimia,Mining
Tin,Eugene,Sanchez,Assistant Media Planner,Oozz,Mining
Bigtax,Marilyn,Mcdonald,Help Desk Operator,Chatterpoint,Agriculture
Domainer,Katherine,Dunn,Operator,Flashpoint,Construction
Bitchip,Amanda,Diaz,Assistant Media Planner,Kanoodle,Agriculture
Bytecard,Harry,Rivera,Senior Developer,Quimm,Agriculture
Andalax,Lois,Cooper,Developer II,Thoughtsphere,Education
Stim,Steven,Sullivan,Mechanical Systems Engineer,Dabjam,Manufacturing
Rank,Matthew,Price,Engineer IV,Mudo,Construction
Zoolab,Donna,Medina,Software Engineer I,Edgetag,Agriculture
Wrapsafe,Lisa,Dean,Administrative Officer,Riffwire,Agriculture
Flexidy,Mildred,Adams,Research Nurse,Flipstorm,Transportation
Trippledex,Aaron,Gomez,Health Coach IV,Feedfish,Transportation
Stronghold,Kenneth,Ortiz,Environmental Specialist,Meemm,Agriculture
Fix San,Andrea,Jacobs,Geologist II,Eabox,Agriculture
Mat Lam Tam,Ernest,Fields,Community Outreach Specialist,Vipe,Real estate
Rank,Amanda,Carpenter,Programmer Analyst II,Mynte,Mining
Rank,Catherine,Payne,Senior Cost Accountant,Kayveo,Real estate
Trippledex,Mary,Gomez,Paralegal,Mynte,Mining
Greenlam,Dorothy,Grant,VP Quality Control,Jabbertype,Transportation
Span,Theresa,Morris,Actuary,Rhycero,Manufacturing
Tampflex,Nicole,Collins,Help Desk Technician,Meembee,Mining
Daltfresh,Bonnie,Mccoy,Account Executive,Yakijo,Transportation
Asoka,Carlos,Lawson,Software Engineer III,Photobug,Education
Sub-Ex,Adam,Collins,Engineer II,Avamba,Construction
Stim,Jack,Ryan,Programmer II,Blogpad,Real estate
Fixflex,Nicholas,Stephens,Speech Pathologist,Livetube,Education
Stringtough,Willie,Cruz,Actuary,Topicware,Mining
Aerified,Patrick,Griffin,Sales Representative,Fivechat,Agriculture
Latlux,Jimmy,Hill,Editor,Kazu,Mining
Rank,Carl,Gomez,Executive Secretary,Jaxnation,Construction
Kanlam,Laura,Campbell,Clinical Specialist,Jabbersphere,Construction
Zaam-Dox,Paul,Martinez,VP Marketing,Zoomdog,Education
Voltsillam,Diana,Hughes,Quality Control Specialist,Photobean,Education
Tempsoft,Howard,Reyes,Community Outreach Specialist,Meembee,Agriculture
Zaam-Dox,Joseph,Taylor,Director of Sales,Yacero,Mining
Bitwolf,Ernest,Pierce,Sales Representative,Dabvine,Real estate
Fix San,George,Carpenter,Account Executive,Cogidoo,Transportation
Cardify,Julie,Jenkins,Research Assistant III,Mita,Construction
Vagram,Phillip,Gutierrez,Information Systems Manager,Trilia,Real estate
Asoka,Pamela,Watson,Community Outreach Specialist,Skinix,Construction
Sub-Ex,Patrick,Black,Assistant Manager,Yodoo,Mining
Namfix,Judith,Hall,Senior Financial Analyst,Jabberstorm,Education
Gembucket,Robert,Gilbert,Geological Engineer,Izio,Agriculture
Tampflex,Janice,Meyer,Editor,Zoomlounge,Real estate
Stronghold,Amy,Greene,Social Worker,Cogidoo,Agriculture
Rank,Beverly,Willis,Research Associate,Wikizz,Manufacturing
Bamity,Gregory,Ward,Mechanical Systems Engineer,Jabbertype,Education
Asoka,Jerry,Hudson,Mechanical Systems Engineer,Twimm,Education
Span,Jonathan,Burton,Nurse,Meembee,Construction
Veribet,Deborah,Banks,Dental Hygienist,Realpoint,Real estate
Temp,Randy,Fowler,Computer Systems Analyst IV,Yakidoo,Manufacturing
Temp,Doris,Wells,Senior Sales Associate,Omba,Agriculture
Toughjoyfax,Charles,Lopez,Paralegal,Gabcube,Mining
Y-find,Betty,Coleman,Senior Cost Accountant,Fivespan,Education
Konklab,Diana,Lawrence,Account Executive,Tagcat,Manufacturing
Cookley,Diana,Hanson,Chief Design Engineer,Vinder,Real estate
Kanlam,Rebecca,Smith,Media Manager I,Bluejam,Mining
Treeflex,Donna,Perkins,Food Chemist,Flashset,Transportation
Transcof,Sharon,Holmes,Speech Pathologist,Twitterbridge,Construction
Fix San,Bonnie,Austin,Cost Accountant,Zoonder,Real estate
Voltsillam,Andrew,Harrison,Internal Auditor,Skyba,Construction
Prodder,Marilyn,Cook,Senior Financial Analyst,Voomm,Transportation
Lotstring,Joe,Gordon,Senior Sales Associate,Rhyloo,Transportation
It,Roger,Sanchez,Environmental Specialist,Dabjam,Agriculture
Flowdesk,Paula,George,Product Engineer,Jaloo,Mining
Voyatouch,Rose,Williamson,Executive Secretary,Blogtags,Manufacturing
Tampflex,Roy,Harrison,Pharmacist,Yakitri,Construction
Vagram,Albert,Mccoy,Financial Analyst,Riffpedia,Construction
Voyatouch,Shirley,Ray,Registered Nurse,Gigaclub,Transportation
Vagram,Teresa,King,Chief Design Engineer,Yoveo,Construction
Lotstring,Jack,Kelley,Sales Associate,Kaymbo,Agriculture
Flexidy,Deborah,Matthews,Software Test Engineer I,Quire,Mining
Stringtough,Clarence,Knight,Research Assistant II,Voolia,Transportation
Sub-Ex,Ruth,Berry,Senior Cost Accountant,Eazzy,Education
Andalax,Ralph,Perry,Business Systems Development Analyst,Thoughtblab,Mining
Namfix,Chris,Willis,Programmer II,Zoozzy,Transportation
Kanlam,Maria,Price,Statistician III,Jazzy,Agriculture
Tampflex,Lori,Larson,Research Assistant I,Brainverse,Construction
Aerified,Jeffrey,Rogers,Structural Analysis Engineer,Dynabox,Transportation
Aerified,Johnny,Dean,Sales Representative,Pixoboo,Manufacturing
Gembucket,Jerry,Richardson,Chief Design Engineer,Babbleblab,Agriculture
Vagram,Rose,Ruiz,Environmental Tech,Yozio,Real estate
Cardify,Norma,Williams,Compensation Analyst,Eire,Real estate
Temp,Mark,Jones,Payment Adjustment Coordinator,Realmix,Real estate
Bitchip,Victor,Howell,Programmer IV,Riffpath,Manufacturing
Wrapsafe,Bonnie,Little,Graphic Designer,Dabshots,Transportation
Bitwolf,Deborah,Campbell,Paralegal,Wordtune,Manufacturing
Namfix,Virginia,Freeman,Operator,Thoughtstorm,Agriculture
Viva,Peter,Diaz,Librarian,Skinte,Education
Home Ing,Diane,Barnes,Geologist I,Tagpad,Mining
Biodex,Helen,Murray,Web Designer IV,Devify,Agriculture
Ronstring,Harold,Torres,Financial Analyst,Jetpulse,Education
Home Ing,Larry,Lee,Technical Writer,Cogidoo,Real estate
Cookley,Mildred,Pierce,Administrative Assistant IV,Brightdog,Mining
Greenlam,Heather,Lawrence,Desktop Support Technician,Dabshots,Mining
Wrapsafe,George,Stone,Cost Accountant,Brainverse,Real estate
Flexidy,Carol,Fernandez,Financial Analyst,Trilith,Construction
Transcof,Harold,Ruiz,Structural Engineer,Oloo,Transportation
Viva,Aaron,Castillo,Paralegal,Gabvine,Agriculture
Ronstring,Gregory,Edwards,VP Sales,Jayo,Transportation
Duobam,Jean,Hayes,Physical Therapy Assistant,Avamm,Real estate
Flowdesk,William,Mccoy,Assistant Media Planner,Avamba,Agriculture
Zaam-Dox,Kathleen,Burton,Dental Hygienist,Topicblab,Transportation
Sonair,Donald,Lawrence,Software Consultant,Aibox,Manufacturing
Lotlux,Chris,Garza,Teacher,Dabshots,Construction
Sonsing,Phyllis,Webb,Registered Nurse,Lazz,Real estate
Y-find,Jose,Simpson,Electrical Engineer,Voonix,Transportation
Ventosanzap,Emily,Wells,Senior Quality Engineer,Flipbug,Transportation
Lotstring,Bonnie,Wright,Legal Assistant,Devbug,Agriculture
Ventosanzap,Carolyn,Moore,Sales Representative,Edgetag,Manufacturing
Voltsillam,Todd,Hicks,Budget/Accounting Analyst I,Avavee,Real estate
Quo Lux,Frances,Brooks,GIS Technical Architect,Brightbean,Construction
Fintone,Steven,Carroll,Marketing Assistant,Midel,Construction
Bitchip,Carol,Jones,Computer Systems Analyst I,Eire,Real estate
Stringtough,Carol,Shaw,Sales Associate,Flashdog,Construction
Cardguard,Pamela,Wilson,Accountant III,Browseblab,Agriculture
Tres-Zap,John,Sullivan,Food Chemist,Feedfire,Real estate
Konklux,Ruth,Thompson,Dental Hygienist,Kayveo,Agriculture
Stronghold,Antonio,Martin,Pharmacist,Zoonder,Manufacturing
Matsoft,Brenda,Carpenter,Assistant Manager,Zoonoodle,Construction
Stim,Deborah,Cole,Developer I,Buzzster,Construction
Ronstring,Ronald,Welch,Legal Assistant,Bubblemix,Education
Regrant,Adam,Williamson,Software Engineer III,Dabjam,Construction
Flexidy,Wanda,Stewart,Safety Technician II,Jabbersphere,Construction
Sonair,Jessica,Henderson,Senior Quality Engineer,Flashdog,Construction
It,Lori,Romero,Chief Design Engineer,Divanoodle,Education
Stronghold,Juan,Mitchell,Web Developer II,Buzzshare,Education
Viva,Ronald,Graham,Associate Professor,Shufflebeat,Education
Sonsing,Kevin,Stevens,Nurse,Mynte,Agriculture
Opela,Jane,Gardner,Registered Nurse,Aibox,Education
Stronghold,Ernest,Wheeler,Director of Sales,Abatz,Mining
Tempsoft,Dorothy,Richardson,Information Systems Manager,Meedoo,Construction
Ronstring,Stephanie,Carter,Graphic Designer,Fivechat,Real estate
Vagram,Cheryl,Hart,Community Outreach Specialist,Rhynyx,Transportation
Vagram,Douglas,Schmidt,Account Representative III,Fivechat,Transportation
Ronstring,Stephanie,Spencer,Design Engineer,Devpulse,Manufacturing
Subin,Daniel,Tucker,Senior Quality Engineer,Agimba,Agriculture
Redhold,Robin,Meyer,Physical Therapy Assistant,Kazio,Construction
Keylex,Judy,Spencer,Staff Accountant II,Bubbletube,Transportation
Veribet,Shawn,Griffin,Computer Systems Analyst IV,Topiclounge,Education
Viva,Christine,Garcia,Account Coordinator,Browsezoom,Agriculture
Alpha,Samuel,Johnston,Assistant Manager,Skipstorm,Real estate
Sub-Ex,Donald,Ellis,Health Coach IV,Twitterbeat,Mining
Kanlam,Frances,Mcdonald,Executive Secretary,Yabox,Transportation
Namfix,Howard,Powell,Media Manager III,Brainverse,Mining
Stim,Louise,Stanley,Analyst Programmer,Dablist,Agriculture
Bytecard,Shawn,Perez,Assistant Media Planner,Skiptube,Real estate
Namfix,Brenda,Hamilton,Clinical Specialist,Thoughtblab,Manufacturing
Tres-Zap,Karen,Fernandez,Office Assistant IV,Skalith,Mining
Y-Solowarm,Emily,Warren,Help Desk Operator,Eadel,Construction
Matsoft,Nancy,Howard,Systems Administrator III,Zoomzone,Education
Ronstring,Steven,Stanley,Account Coordinator,Quamba,Education
Bigtax,Jennifer,Elliott,Health Coach III,Jamia,Transportation
Flowdesk,Henry,Martinez,GIS Technical Architect,Twimm,Mining
Quo Lux,Laura,Flores,Chief Design Engineer,Voomm,Agriculture
Holdlamis,Martin,Campbell,Legal Assistant,Fivebridge,Manufacturing
Y-Solowarm,Frank,Banks,Environmental Specialist,Teklist,Agriculture
Kanlam,Edward,Perez,Programmer Analyst II,Blogtags,Manufacturing
Span,Charles,Sanchez,Environmental Tech,Topiczoom,Agriculture
Greenlam,Carlos,Frazier,VP Sales,Wikibox,Education
Y-find,Stephanie,Vasquez,Executive Secretary,Quimba,Agriculture
Y-find,Gary,Franklin,Administrative Assistant II,LiveZ,Agriculture
Ventosanzap,Matthew,Payne,Dental Hygienist,Lazz,Construction
Bitwolf,Tammy,Ford,Analog Circuit Design manager,Realblab,Education
Flexidy,Michael,Garza,Programmer Analyst II,Livefish,Real estate
Aerified,Gregory,Arnold,Editor,Eabox,Construction
Holdlamis,Angela,Armstrong,Research Nurse,Viva,Agriculture
Keylex,Mildred,Henderson,Data Coordiator,Cogibox,Construction
Alphazap,Jack,Griffin,Assistant Media Planner,Youspan,Manufacturing
Tin,Jack,Cooper,Graphic Designer,Meezzy,Real estate
Flexidy,Patricia,Parker,Payment Adjustment Coordinator,Ooba,Construction
Biodex,Richard,Jackson,Recruiting Manager,Riffpedia,Mining
Sonair,Donald,Bell,Help Desk Technician,Gigabox,Mining
Wrapsafe,Sharon,Miller,Human Resources Assistant IV,Zooveo,Manufacturing
Span,Melissa,Wright,Health Coach I,Demimbu,Transportation
Bamity,Adam,Fields,Help Desk Technician,Wikizz,Transportation
Zamit,Virginia,Ellis,Occupational Therapist,Jaxbean,Construction
Greenlam,Brandon,Porter,Health Coach III,Vitz,Real estate
Flowdesk,Ruth,Lawrence,Physical Therapy Assistant,Zoombox,Agriculture
Bitwolf,Donald,Kelly,Recruiter,Lazzy,Transportation
Viva,Stephen,Weaver,Staff Scientist,Quamba,Education
Job,Willie,Wallace,Staff Accountant I,Janyx,Mining
Sonsing,Larry,Chapman,Nurse Practicioner,Zoovu,Construction
Flexidy,Denise,Williams,Civil Engineer,Jabbersphere,Mining
Keylex,Christopher,Robinson,Software Test Engineer IV,Feedbug,Manufacturing
Greenlam,Jerry,Washington,Recruiting Manager,Linkbuzz,Real estate
Sub-Ex,Ralph,Nichols,Accounting Assistant IV,Blogtags,Construction
Opela,Teresa,Berry,Recruiter,Dynazzy,Real estate
Regrant,Ruby,Knight,Electrical Engineer,Jabberbean,Education
Voyatouch,Howard,Bryant,Accounting Assistant IV,Ntags,Agriculture
Greenlam,Lawrence,West,Staff Scientist,Dabvine,Mining
Zoolab,Lois,Nguyen,Executive Secretary,Skipstorm,Transportation
Alpha,Beverly,Bowman,Engineer I,Dabvine,Real estate
Daltfresh,Joyce,King,Senior Sales Associate,Feedmix,Agriculture
Opela,Susan,Fields,GIS Technical Architect,Wordify,Real estate
Treeflex,James,Rice,Recruiting Manager,Lazzy,Transportation
Zaam-Dox,Thomas,Tucker,Automation Specialist I,Livepath,Agriculture
Bitwolf,Debra,Alexander,Senior Editor,Demizz,Manufacturing
Stim,Nancy,Davis,Software Engineer IV,Feedfire,Agriculture
Namfix,Helen,Austin,Database Administrator I,Rhynoodle,Agriculture
Pannier,Angela,Romero,GIS Technical Architect,Tagfeed,Manufacturing
Hatity,Arthur,Brooks,Design Engineer,Quinu,Transportation
Toughjoyfax,Jane,Baker,Budget/Accounting Analyst II,Quinu,Construction
Otcom,Terry,Morris,Database Administrator I,Wordware,Education
Daltfresh,Paula,Henderson,Account Coordinator,Kazu,Transportation
Stringtough,James,Webb,Quality Engineer,Feedfire,Manufacturing
Rank,Howard,Watson,Business Systems Development Analyst,Agimba,Education
Y-Solowarm,Judy,Bell,Assistant Manager,Fivechat,Construction
Zaam-Dox,Roger,Stone,Assistant Professor,Dabfeed,Transportation
Aerified,Jerry,Meyer,Developer II,Zava,Agriculture
Vagram,Terry,Ross,Occupational Therapist,Quamba,Mining
Domainer,Gloria,Howard,Editor,Plajo,Education
Flowdesk,Gerald,King,Help Desk Technician,Roombo,Transportation
Zontrax,Gary,Spencer,Quality Control Specialist,Jetwire,Education
It,Kathleen,Murray,GIS Technical Architect,Meeveo,Real estate
Zontrax,Russell,Phillips,Software Consultant,Centidel,Manufacturing
Stringtough,Walter,Lynch,Administrative Assistant I,Browsedrive,Agriculture
Sonair,Amanda,Gonzales,Civil Engineer,Podcat,Agriculture
Job,Samuel,Montgomery,Assistant Professor,Trunyx,Manufacturing
Subin,Robert,Greene,Speech Pathologist,Avamm,Manufacturing
Flexidy,Johnny,Sanchez,Product Engineer,Rhycero,Manufacturing
Bamity,Gerald,Ward,Environmental Specialist,Quimba,Real estate
Stim,William,Rodriguez,Nuclear Power Engineer,Blogspan,Manufacturing
Flexidy,Willie,Mendoza,Office Assistant II,Skyba,Transportation
Cookley,Jerry,Hawkins,Geologist II,Gigaclub,Education
Voltsillam,Kathy,Burton,Research Nurse,Trilia,Manufacturing
Treeflex,Larry,Williamson,Marketing Manager,Devify,Transportation
Pannier,Douglas,Adams,Web Designer I,Kwilith,Mining
Duobam,Arthur,Greene,Structural Engineer,Abatz,Mining
Asoka,Jacqueline,Griffin,Quality Engineer,Einti,Mining
Sonair,Brenda,Moore,Director of Sales,Fivechat,Agriculture
Regrant,Carol,Harvey,Software Test Engineer II,Geba,Real estate
Temp,Christine,Lewis,Senior Financial Analyst,Kwilith,Mining
Subin,Gregory,Reyes,Programmer Analyst I,Skipfire,Agriculture
Wrapsafe,Alice,Harris,Financial Analyst,Agivu,Agriculture
Ventosanzap,Lillian,King,Analog Circuit Design manager,Leexo,Construction
Span,Jessica,Flores,Electrical Engineer,Skajo,Construction
Tres-Zap,Annie,Sanchez,Statistician I,Bluezoom,Agriculture
Stronghold,Janet,Jones,Cost Accountant,Skinte,Agriculture
Home Ing,Marie,Reed,Sales Representative,Meetz,Transportation
Regrant,Mildred,Olson,Web Developer I,Fiveclub,Mining
Lotstring,Jonathan,Harvey,Cost Accountant,Thoughtstorm,Education
Tampflex,Rose,Cooper,Speech Pathologist,Devpulse,Agriculture
Andalax,Justin,Price,Recruiter,Kamba,Transportation
Ventosanzap,Helen,Powell,VP Product Management,Linklinks,Agriculture
Cardguard,Brian,Mcdonald,Payment Adjustment Coordinator,Skynoodle,Mining
Veribet,George,Cox,Biostatistician IV,Feedspan,Real estate
Opela,Cheryl,Gray,Business Systems Development Analyst,Demivee,Education
Viva,Alan,Davis,Human Resources Manager,Twiyo,Mining
Aerified,Shirley,Webb,Software Engineer III,Dynabox,Real estate
Flowdesk,Judith,Berry,Office Assistant II,Twimm,Construction
Mat Lam Tam,Melissa,Vasquez,Biostatistician IV,Oyonder,Construction
Transcof,Karen,Richards,Legal Assistant,Skyvu,Transportation
Tresom,Julie,Baker,Senior Developer,Mycat,Transportation
Opela,Juan,Richards,Human Resources Manager,Topicstorm,Manufacturing
Subin,Andrea,Cole,Programmer Analyst II,Jayo,Agriculture
Cardify,Joan,Woods,Paralegal,Browsetype,Education
Toughjoyfax,Steven,Brooks,Programmer Analyst IV,Gevee,Mining
Redhold,Ruby,Bell,Design Engineer,Kwinu,Education
Cookley,Stephanie,Roberts,Help Desk Operator,Thoughtbridge,Mining
Opela,Clarence,Welch,Biostatistician III,Agimba,Agriculture
Voltsillam,Ashley,Warren,Design Engineer,Mynte,Manufacturing
Zaam-Dox,Todd,Oliver,Analyst Programmer,Zoomzone,Manufacturing
Fixflex,Kelly,Moore,Actuary,Agivu,Real estate
Zontrax,Steven,Alvarez,Human Resources Manager,Realcube,Transportation
Trippledex,Martin,Lee,Physical Therapy Assistant,Cogilith,Real estate
Mat Lam Tam,Justin,Foster,Operator,Thoughtsphere,Agriculture
Tampflex,Jean,Ruiz,Senior Editor,Buzzdog,Manufacturing
Cardguard,Victor,Elliott,Junior Executive,Skyndu,Transportation
Tampflex,Eric,Fowler,Senior Editor,Jabbertype,Mining
Temp,Frances,Nguyen,Data Coordiator,Buzzdog,Agriculture
Keylex,Annie,Hernandez,Developer II,Edgetag,Education
Transcof,Craig,Carr,Database Administrator I,Mycat,Manufacturing
Voltsillam,Barbara,Greene,Editor,Meedoo,Agriculture
Tres-Zap,Matthew,Rivera,Assistant Manager,Nlounge,Real estate
Bigtax,Jean,Hart,Dental Hygienist,Jetwire,Manufacturing
Zaam-Dox,Terry,Stevens,Project Manager,Jaxbean,Mining
Wrapsafe,Michael,Mcdonald,Information Systems Manager,Youspan,Manufacturing
Latlux,Gregory,Hall,Recruiter,Youbridge,Real estate
Temp,Fred,West,Biostatistician IV,Vimbo,Real estate
Vagram,Juan,Campbell,Director of Sales,Camido,Agriculture
Cardify,Russell,Evans,Research Assistant IV,Skimia,Manufacturing
Alpha,Roger,Wright,VP Quality Control,Voomm,Transportation
Asoka,Dorothy,Simmons,Systems Administrator III,Twiyo,Education
Mat Lam Tam,Joan,Coleman,Product Engineer,Jamia,Manufacturing
Bitwolf,Dennis,Allen,Account Coordinator,Feedfire,Transportation
Tres-Zap,Sarah,Hayes,Design Engineer,Avamba,Mining
It,Virginia,Mcdonald,Registered Nurse,Photobean,Manufacturing
Tempsoft,Patricia,Roberts,Environmental Specialist,Aivee,Mining
Flexidy,Dennis,Henderson,Web Designer II,Yakijo,Mining
Sonsing,Lori,Barnes,Account Representative II,Leexo,Transportation
Y-Solowarm,Henry,Meyer,Geologist III,InnoZ,Real estate
Tampflex,Ruby,George,Nuclear Power Engineer,BlogXS,Manufacturing
Keylex,Lisa,Flores,Internal Auditor,Realbridge,Construction
Zaam-Dox,Gregory,Knight,Research Assistant IV,Yodo,Agriculture
Konklab,Kevin,Palmer,Civil Engineer,Tagopia,Education
Opela,Pamela,Miller,Analog Circuit Design manager,Bubblemix,Education
Quo Lux,Tammy,Williams,Editor,Skyba,Construction
Sub-Ex,Justin,King,Occupational Therapist,Thoughtstorm,Mining
Domainer,Jeffrey,Dunn,Financial Advisor,Kazu,Manufacturing
Tresom,Howard,Martin,Programmer II,Innotype,Agriculture
Ventosanzap,Jerry,Sanchez,VP Quality Control,Trilith,Real estate
Fixflex,Arthur,Wilson,Software Test Engineer II,Oyondu,Mining
Asoka,Andrew,Cooper,Analog Circuit Design manager,Buzzbean,Transportation
Prodder,Johnny,Porter,Developer II,Dynabox,Real estate
Viva,Samuel,Greene,Recruiter,Divape,Agriculture
Tresom,Andrew,Martinez,GIS Technical Architect,Kazio,Real estate
Biodex,Dorothy,Chavez,Cost Accountant,Yabox,Manufacturing
Temp,Rebecca,Nelson,Environmental Specialist,Realpoint,Construction
Zaam-Dox,Diane,Rivera,Financial Analyst,Oyonder,Manufacturing
Vagram,Jessica,Griffin,Structural Engineer,Meevee,Real estate
Zamit,Rachel,Moore,Help Desk Operator,Skinder,Education
Fixflex,Nicholas,Coleman,Graphic Designer,Skilith,Real estate
Quo Lux,Jack,Bowman,Mechanical Systems Engineer,Trudeo,Construction
Opela,Paula,Kennedy,Geological Engineer,Trudeo,Education
Voltsillam,Helen,Garcia,Speech Pathologist,Yodel,Construction
Redhold,Virginia,Boyd,Health Coach IV,Trupe,Manufacturing
Zaam-Dox,Gregory,Gray,Business Systems Development Analyst,Brightbean,Mining
Biodex,Pamela,Perkins,Recruiter,Topicware,Agriculture
Sub-Ex,Kathleen,Hughes,Financial Advisor,Feedfish,Transportation
Toughjoyfax,Roger,Greene,Community Outreach Specialist,Yombu,Transportation
Sonsing,Amanda,Welch,Food Chemist,Zoombox,Transportation
Rank,Ruby,Williams,Chemical Engineer,Youspan,Transportation
Treeflex,Scott,Little,Director of Sales,Devshare,Agriculture
Cardguard,Robert,Moreno,VP Marketing,Voomm,Mining
Bigtax,John,Mendoza,Speech Pathologist,Chatterbridge,Real estate
Tampflex,Julia,Morales,Director of Sales,Aimbo,Transportation
Ventosanzap,Lisa,Rice,Assistant Media Planner,Photofeed,Agriculture
Tresom,Elizabeth,Stewart,Cost Accountant,Ooba,Education
Viva,Daniel,Perry,Desktop Support Technician,Skiba,Construction
Flowdesk,Brenda,Carroll,Statistician I,Jabbersphere,Real estate
Mat Lam Tam,Roger,Cox,Structural Engineer,Plambee,Education
Quo Lux,Sandra,Holmes,VP Sales,Fadeo,Real estate
Job,Fred,Spencer,Junior Executive,Oba,Real estate
Tres-Zap,Pamela,Collins,Software Engineer II,Eazzy,Agriculture
Tres-Zap,Jonathan,Bowman,Project Manager,Meevee,Real estate
Tresom,Sara,Roberts,Health Coach I,Topicblab,Real estate
Konklux,Shirley,Allen,Information Systems Manager,Roodel,Transportation
Bytecard,Earl,Torres,Accountant III,Tagchat,Mining
Span,Steve,Simmons,Compensation Analyst,Zoomcast,Real estate
Overhold,Paul,Stewart,Mechanical Systems Engineer,Twitternation,Transportation
Namfix,Carlos,Fox,Sales Associate,Blogpad,Education
Bitwolf,Anthony,Turner,Information Systems Manager,Eamia,Manufacturing
Zaam-Dox,Anne,Garrett,Quality Engineer,Viva,Real estate
Veribet,Richard,Montgomery,Research Assistant II,Mybuzz,Construction
Matsoft,Mildred,Roberts,Junior Executive,Omba,Construction
Voltsillam,Diana,Morris,Pharmacist,Meembee,Manufacturing
Hatity,Christopher,Weaver,Analog Circuit Design manager,Oozz,Education
Mat Lam Tam,Bonnie,Edwards,Structural Engineer,Quimba,Mining
Sonair,Steven,Ortiz,Automation Specialist IV,Yadel,Mining
Hatity,Alan,Bowman,Staff Scientist,Chatterpoint,Transportation
Solarbreeze,Eugene,Fields,Web Developer I,Voonder,Transportation
Holdlamis,Billy,Holmes,Accountant I,Realblab,Construction
Matsoft,Rebecca,Ramos,Quality Engineer,Zava,Manufacturing
Fix San,Patricia,Banks,Speech Pathologist,Fadeo,Mining
Flexidy,Randy,Martin,Help Desk Technician,Kwideo,Construction
Flowdesk,Brian,Rose,Librarian,Brainbox,Manufacturing
Zoolab,Kathy,Gutierrez,Human Resources Assistant II,Npath,Mining
Voyatouch,Rachel,Carter,Environmental Tech,Browsedrive,Mining
Y-find,Laura,Washington,VP Quality Control,Jaxspan,Agriculture
Treeflex,Cheryl,White,Design Engineer,Oozz,Agriculture
Toughjoyfax,Marilyn,Oliver,Paralegal,Abata,Education
Rank,Timothy,Allen,Chief Design Engineer,Flashpoint,Mining
Bamity,Jacqueline,Bishop,Data Coordiator,Quatz,Mining
Alphazap,Laura,Garza,Compensation Analyst,Yakijo,Real estate
Overhold,Jean,Moore,Executive Secretary,Mymm,Real estate
Flowdesk,Teresa,Carroll,Quality Engineer,Tavu,Real estate
Bytecard,George,Day,Registered Nurse,Yakitri,Mining
Latlux,Nicole,Watson,Clinical Specialist,Oloo,Mining
Bytecard,Lawrence,Austin,Nurse,Browsezoom,Agriculture
Bitchip,Virginia,Lee,Dental Hygienist,Vidoo,Construction
Voyatouch,Jerry,Richardson,Health Coach III,Plajo,Education
It,Frank,Robinson,Budget/Accounting Analyst I,Feedbug,Agriculture
Tempsoft,Clarence,Adams,Legal Assistant,Skippad,Education
Flowdesk,Deborah,Hanson,Environmental Specialist,Zazio,Education
Aerified,Nicholas,Foster,Accounting Assistant III,Bubblemix,Mining
Duobam,Wanda,Lee,Senior Developer,JumpXS,Construction
Hatity,Richard,Johnson,Research Nurse,Bluejam,Transportation
Veribet,Russell,Watson,Nurse Practicioner,Fiveclub,Transportation
Span,Harry,Olson,Registered Nurse,Ozu,Transportation
Fintone,Paul,James,General Manager,Skibox,Construction
Matsoft,Gregory,Young,Senior Editor,Skibox,Agriculture
Otcom,Theresa,Ramos,Food Chemist,BlogXS,Mining
Transcof,Kelly,Greene,Biostatistician III,Vinder,Transportation
Opela,Diana,Hayes,Chief Design Engineer,Quinu,Education
Alphazap,Elizabeth,Davis,Geological Engineer,Edgewire,Manufacturing
Tresom,Annie,Riley,Human Resources Assistant II,Bluejam,Agriculture
Tampflex,Pamela,Green,Community Outreach Specialist,Edgewire,Construction
Home Ing,Charles,Chapman,Research Assistant II,Realmix,Construction
Transcof,Margaret,Parker,Research Nurse,Yacero,Agriculture
Flexidy,Terry,Evans,Design Engineer,Linkbridge,Construction
Quo Lux,Timothy,Rice,Office Assistant II,Npath,Agriculture
Lotstring,Heather,Brown,Media Manager IV,Gigashots,Mining
Transcof,David,Sanchez,Accountant I,Leenti,Mining
Bitchip,Beverly,Henry,Chief Design Engineer,Jaxbean,Transportation
Trippledex,Edward,Burns,Senior Cost Accountant,Feedmix,Mining
Lotstring,Justin,Dixon,Senior Sales Associate,Oyoloo,Transportation
Voltsillam,Wanda,Simmons,Database Administrator IV,Dynava,Transportation
Sub-Ex,Albert,Sims,Nurse Practicioner,Thoughtmix,Education
Regrant,Todd,Burton,Senior Sales Associate,Zoonoodle,Agriculture
Zontrax,Christopher,Lynch,Junior Executive,Livepath,Mining
Pannier,Louis,Snyder,Financial Advisor,Eamia,Education
Span,Kimberly,Ellis,Structural Analysis Engineer,Jatri,Transportation
Span,Annie,Harper,Systems Administrator I,Ntags,Mining
Viva,Willie,Phillips,Legal Assistant,Quatz,Mining
Sonsing,Michelle,Burton,General Manager,Dynabox,Mining
Zathin,Judith,Hawkins,Analog Circuit Design manager,Kamba,Agriculture
Greenlam,Joseph,Hicks,Web Developer I,Edgeify,Manufacturing
Fixflex,Katherine,Stone,Help Desk Operator,Yodoo,Real estate
Bamity,Gerald,Hunt,Registered Nurse,Leenti,Education
Sonair,Thomas,Watson,Software Consultant,Kwimbee,Construction
Home Ing,Ashley,King,Compensation Analyst,Wikizz,Agriculture
Alpha,Elizabeth,Garrett,Software Consultant,Tagcat,Real estate
Alpha,Ronald,Woods,Structural Analysis Engineer,Feedspan,Real estate
Treeflex,Joe,Russell,Marketing Manager,Linktype,Construction
Cookley,Melissa,Day,Paralegal,Ailane,Manufacturing
Biodex,Martin,Edwards,Mechanical Systems Engineer,DabZ,Education
Home Ing,Kathryn,Romero,Senior Sales Associate,Gigaclub,Manufacturing
Sub-Ex,Janet,Lawson,Software Engineer III,Zoonoodle,Education
Transcof,Joyce,Flores,Health Coach IV,Kamba,Real estate
Subin,Peter,Wells,Senior Cost Accountant,Wordtune,Real estate
Fintone,Dennis,Arnold,Computer Systems Analyst I,Topicblab,Agriculture
Stim,Ruby,Gilbert,Actuary,Feedbug,Construction
Namfix,James,Hall,Pharmacist,Twimm,Education
Domainer,Ralph,Hansen,Compensation Analyst,Yodel,Education
Pannier,Earl,Hughes,VP Sales,Mynte,Manufacturing
Namfix,Karen,Campbell,Accounting Assistant IV,Edgepulse,Transportation
Fixflex,Joan,Gordon,Marketing Assistant,Kare,Agriculture
Tampflex,Antonio,Moreno,Dental Hygienist,Tagtune,Construction
Flowdesk,Teresa,Fox,Research Assistant IV,Kaymbo,Real estate
Latlux,Annie,Wilson,Senior Editor,Voomm,Real estate
Quo Lux,Deborah,Nguyen,Data Coordiator,Browsedrive,Mining
Zathin,Debra,Matthews,Junior Executive,Realbridge,Transportation
Redhold,Lillian,Robertson,Systems Administrator I,Edgetag,Agriculture
Fix San,Wanda,Garrett,Occupational Therapist,Agivu,Manufacturing
Domainer,Ruth,Day,Structural Engineer,Yadel,Construction
Sub-Ex,Irene,Fuller,Actuary,Meembee,Education
Regrant,Adam,Murray,Clinical Specialist,Twitterwire,Education
Asoka,Douglas,Gordon,Assistant Manager,Eamia,Mining
Sonsing,Louis,Wood,Tax Accountant,Meembee,Agriculture
Regrant,Harold,Owens,Clinical Specialist,Kaymbo,Agriculture
Zontrax,Dorothy,Barnes,Recruiting Manager,Topicstorm,Real estate
Treeflex,Tina,Arnold,Professor,Avamba,Construction
Fintone,Heather,Mitchell,Cost Accountant,Layo,Manufacturing
Holdlamis,Anne,Morrison,Human Resources Manager,Yamia,Agriculture
Wrapsafe,Richard,Larson,Operator,Aivee,Construction
Zontrax,Walter,Holmes,Desktop Support Technician,Fadeo,Agriculture
Trippledex,Martha,Snyder,Chemical Engineer,Mynte,Mining
Y-Solowarm,Paul,Wagner,Geological Engineer,Edgeblab,Mining
Lotlux,Richard,Ford,Editor,Skibox,Construction
Lotlux,Paul,Reyes,Database Administrator II,Fatz,Construction
Lotstring,Lori,Morris,Staff Scientist,Thoughtstorm,Mining
Quo Lux,Carlos,Ellis,Senior Cost Accountant,Wordtune,Mining
Tin,Donna,Riley,Senior Financial Analyst,Topdrive,Construction
Fixflex,Jane,Sims,Sales Representative,Bluejam,Education
Keylex,Julie,Hicks,Environmental Specialist,Layo,Real estate
Lotlux,Anna,Cox,Junior Executive,Voomm,Mining
Cookley,Nicole,Andrews,GIS Technical Architect,Roombo,Manufacturing
Home Ing,Ann,Howard,Safety Technician II,Skimia,Manufacturing
Home Ing,Rose,White,Developer IV,Agimba,Mining
Tempsoft,Maria,Riley,Assistant Media Planner,Fadeo,Construction
Overhold,Barbara,Day,Dental Hygienist,Kayveo,Real estate
Andalax,Helen,Nguyen,Speech Pathologist,Camido,Real estate
Job,Kathryn,Bishop,Media Manager III,Yodel,Real estate
Sonair,Walter,Thomas,Environmental Tech,Lazz,Transportation
Aerified,Nicole,Hawkins,Senior Sales Associate,Bluezoom,Education
Cardify,Jesse,Thompson,Computer Systems Analyst III,Aimbu,Mining
Greenlam,Randy,Lawrence,Clinical Specialist,Flipstorm,Education
Cookley,Angela,Warren,VP Sales,Youbridge,Manufacturing
Ventosanzap,Dorothy,Schmidt,Design Engineer,Divavu,Mining
Alphazap,Adam,Ramos,Help Desk Operator,Bluejam,Real estate
Tempsoft,Joshua,Lawson,Account Representative IV,Tavu,Construction
Bitchip,Lisa,Stewart,Systems Administrator I,Ailane,Real estate
Hatity,Ronald,Williams,GIS Technical Architect,Twitterlist,Construction
Bitwolf,Tina,Bradley,Web Designer III,Eadel,Real estate
Tresom,Peter,Vasquez,Financial Analyst,Skalith,Education
Tampflex,Kathryn,Marshall,Civil Engineer,Wordware,Mining
Temp,Victor,Henderson,Financial Advisor,Edgeify,Real estate
Bitwolf,Donald,Holmes,Editor,Kwideo,Construction
Zontrax,Irene,Thompson,Sales Associate,Kwideo,Real estate
Voltsillam,Janice,Cruz,VP Accounting,Einti,Transportation
Fintone,Christina,Mills,Speech Pathologist,Viva,Agriculture
Holdlamis,Nancy,Fuller,Mechanical Systems Engineer,Brightbean,Transportation
Tin,Matthew,Cox,Software Engineer I,Quaxo,Mining
Voyatouch,Phyllis,Green,Senior Sales Associate,Tavu,Manufacturing
Bigtax,Pamela,Peterson,Geological Engineer,Aimbo,Real estate
Bitwolf,Diana,Reynolds,Biostatistician III,Thoughtworks,Agriculture
Redhold,Phillip,Stewart,Dental Hygienist,Zoozzy,Transportation
Sonsing,Dennis,Knight,Design Engineer,Devpoint,Transportation
Duobam,Susan,Porter,Chemical Engineer,Yodel,Construction
Bitwolf,Edward,Morrison,Research Associate,Abatz,Agriculture
Flexidy,Terry,Collins,Sales Associate,Photospace,Transportation
Transcof,William,Coleman,Nuclear Power Engineer,LiveZ,Agriculture
Keylex,Virginia,Simpson,Senior Financial Analyst,Yoveo,Education
Lotlux,Bruce,Ferguson,Statistician IV,Kimia,Transportation
Ventosanzap,Stephanie,Morgan,Food Chemist,Leenti,Construction
Home Ing,Andrew,Peterson,Research Nurse,Quinu,Mining
Stronghold,Sean,Hayes,Assistant Media Planner,Brightbean,Education
Cookley,Heather,Griffin,Actuary,Camimbo,Mining
Sonsing,Julie,Taylor,General Manager,Oyope,Agriculture
Fintone,Nancy,Bennett,Occupational Therapist,Fivespan,Mining
Alphazap,Scott,Allen,Chemical Engineer,Voonix,Manufacturing
Holdlamis,Virginia,Scott,Account Executive,Edgeblab,Manufacturing
Gembucket,Kenneth,Phillips,Business Systems Development Analyst,Bluezoom,Education
Sonsing,Anthony,Allen,Research Assistant III,Zoonder,Education
Zaam-Dox,Samuel,Andrews,Clinical Specialist,Youspan,Agriculture
Stringtough,Louise,Andrews,Junior Executive,Skinder,Mining
Sonair,Eric,Willis,VP Quality Control,Gabtune,Real estate
Cardguard,Wayne,Mills,Analog Circuit Design manager,Edgeblab,Education
Sonsing,Dorothy,Moreno,Editor,Brainverse,Construction
Ronstring,Samuel,Rogers,Biostatistician II,Browsetype,Agriculture
Ventosanzap,Katherine,Allen,Occupational Therapist,Devpulse,Real estate
Zaam-Dox,Sharon,Stephens,Administrative Assistant III,Gevee,Mining
Opela,Daniel,Sanders,Research Assistant II,Browseblab,Education
Keylex,Earl,Morales,Senior Financial Analyst,Edgepulse,Education
Tin,Jesse,Greene,Staff Accountant IV,Feednation,Manufacturing
Toughjoyfax,Anna,Reed,Senior Editor,Mydo,Manufacturing
Latlux,George,Scott,Clinical Specialist,Voomm,Education
Duobam,Shirley,Alexander,Staff Accountant III,Lazzy,Education
Greenlam,Peter,Simpson,General Manager,Quimm,Mining
Tempsoft,Jeremy,Henderson,Senior Developer,Vitz,Real estate
Lotlux,Brandon,Bailey,Editor,Thoughtblab,Agriculture
Rank,Christina,Jacobs,Budget/Accounting Analyst I,Layo,Mining
Tempsoft,Melissa,Grant,Registered Nurse,Skyndu,Manufacturing
Matsoft,Rose,Richards,Account Coordinator,Digitube,Manufacturing
Rank,Judy,Bell,Design Engineer,Meevee,Real estate
Aerified,Roy,Bell,Safety Technician I,Thoughtsphere,Transportation
Wrapsafe,Douglas,Garza,Web Developer IV,Gabtune,Real estate
Trippledex,Kenneth,Collins,Product Engineer,Rhynyx,Transportation
Fixflex,Norma,Hansen,Structural Engineer,Katz,Education
Daltfresh,Paul,Lewis,Assistant Manager,Geba,Construction
Cardguard,Justin,Larson,Help Desk Technician,Yadel,Mining
Mat Lam Tam,Patricia,Thomas,Geological Engineer,Trupe,Transportation
Wrapsafe,Ruby,Sims,Research Assistant II,Thoughtstorm,Education
Tin,Jean,Myers,Project Manager,Feedfire,Agriculture
Alphazap,Raymond,Hernandez,Systems Administrator III,Zoovu,Real estate
Voyatouch,Judy,Hanson,Compensation Analyst,Livefish,Transportation
Greenlam,Joshua,Tucker,Chemical Engineer,Fatz,Transportation
Fix San,Juan,Chavez,Product Engineer,Zoomdog,Manufacturing
Transcof,Dennis,Flores,Nuclear Power Engineer,Kwinu,Manufacturing
Greenlam,Shirley,Anderson,Electrical Engineer,Realmix,Mining
Stringtough,Mary,Shaw,Web Developer II,Skilith,Mining
Fixflex,David,Hall,VP Quality Control,Linklinks,Construction
Lotlux,Richard,Reyes,Quality Control Specialist,Twitterlist,Education
Wrapsafe,Carolyn,Daniels,Software Test Engineer I,Flashpoint,Education
Alphazap,Roger,Gibson,Office Assistant I,Jabberbean,Mining
Aerified,Lawrence,Vasquez,Nuclear Power Engineer,Dablist,Transportation
Opela,Antonio,Little,Accounting Assistant I,Dabtype,Mining
It,Karen,Bradley,Social Worker,Skilith,Education
Bitwolf,Jack,Jenkins,Desktop Support Technician,Oyope,Real estate
Cookley,Susan,Knight,Staff Accountant II,Photofeed,Mining
Mat Lam Tam,Jeremy,Perry,Graphic Designer,Flashset,Real estate
Holdlamis,Deborah,Lewis,Dental Hygienist,Browsebug,Transportation
Tin,Michael,Banks,Physical Therapy Assistant,Quimba,Agriculture
Solarbreeze,Kelly,Snyder,Actuary,Tavu,Manufacturing
Matsoft,Norma,Armstrong,Dental Hygienist,Tagopia,Manufacturing
Opela,Johnny,Phillips,Human Resources Manager,Yakitri,Agriculture
Latlux,Jean,Patterson,Environmental Specialist,Ainyx,Real estate
Ronstring,Norma,Green,Social Worker,Quatz,Construction
Matsoft,Kathleen,Palmer,Director of Sales,Youtags,Construction
Duobam,Mildred,Lawrence,Nurse Practicioner,Brainverse,Real estate
Temp,Kenneth,Stephens,Analog Circuit Design manager,Shufflester,Education
Alphazap,Deborah,Dunn,Pharmacist,Thoughtblab,Real estate
Flowdesk,Edward,Dixon,Civil Engineer,Livetube,Education
Domainer,Joyce,Cruz,Media Manager III,Muxo,Manufacturing
Veribet,Fred,Peters,Computer Systems Analyst II,Kamba,Education
Viva,Joyce,Robinson,Accounting Assistant IV,Meeveo,Real estate
Stronghold,Alice,Montgomery,Accounting Assistant II,Yadel,Real estate
Duobam,Kenneth,Montgomery,Registered Nurse,Oloo,Agriculture
Vagram,Mark,Mills,Registered Nurse,Meembee,Transportation
Alphazap,Sharon,Thompson,Research Associate,Katz,Real estate
Overhold,Henry,Lynch,Sales Associate,Skynoodle,Education
Tampflex,Sandra,Wright,Software Engineer III,Jaxbean,Education
Holdlamis,Rebecca,Stephens,Database Administrator IV,Trupe,Mining
Duobam,Michelle,Peters,VP Sales,Katz,Mining
Tampflex,Stephen,Fuller,Statistician I,Shuffletag,Real estate
Namfix,Scott,Anderson,Research Associate,Eazzy,Manufacturing
Bigtax,Carol,Meyer,Software Engineer II,Kwinu,Transportation
Holdlamis,Kimberly,Thomas,Technical Writer,Browsetype,Education
Bitchip,Samuel,Torres,Human Resources Manager,Wikibox,Mining
Opela,Teresa,Murray,Clinical Specialist,Tanoodle,Real estate
Biodex,Carolyn,Hicks,Web Designer IV,Miboo,Education
Bitchip,Patrick,Lopez,Analyst Programmer,Talane,Manufacturing
Gembucket,Aaron,Wright,Software Consultant,Gigazoom,Construction
